label,start_tick,end_tick,start_s,end_s,analyze
startup silence,0,128,0.0,1.048576,False
sync tone 1,128,136,1.048576,1.114112,False
sync gap 1,136,144,1.114112,1.179648,False
sync tone 2,144,152,1.179648,1.245184,False
sync gap 2,152,160,1.245184,1.31072,False
sync tone 3,160,184,1.31072,1.507328,False
sync gap 3,184,216,1.507328,1.769472,False
post marker silence,216,280,1.769472,2.29376,False
wave=0 PMD=1 PMS=0 AMD=0 TL=0,280,1013,2.29376,8.298496,True
wave=0 PMD=2 PMS=0 AMD=0 TL=0,1013,1746,8.298496,14.303232,True
wave=0 PMD=3 PMS=0 AMD=0 TL=0,1746,2479,14.303232,20.307968,True
wave=0 PMD=7 PMS=0 AMD=0 TL=0,2479,3212,20.307968,26.312704,True
wave=0 PMD=15 PMS=0 AMD=0 TL=0,3212,3945,26.312704,32.31744,True
wave=0 PMD=16 PMS=0 AMD=0 TL=0,3945,4678,32.31744,38.322176,True
wave=0 PMD=17 PMS=0 AMD=0 TL=0,4678,5411,38.322176,44.326912,True
wave=0 PMD=31 PMS=0 AMD=0 TL=0,5411,6144,44.326912,50.331648,True
wave=0 PMD=32 PMS=0 AMD=0 TL=0,6144,6877,50.331648,56.336384,True
wave=0 PMD=33 PMS=0 AMD=0 TL=0,6877,7610,56.336384,62.34112,True
wave=0 PMD=63 PMS=0 AMD=0 TL=0,7610,8343,62.34112,68.345856,True
wave=0 PMD=64 PMS=0 AMD=0 TL=0,8343,9076,68.345856,74.350592,True
wave=0 PMD=65 PMS=0 AMD=0 TL=0,9076,9809,74.350592,80.355328,True
wave=0 PMD=95 PMS=0 AMD=0 TL=0,9809,10542,80.355328,86.360064,True
wave=0 PMD=126 PMS=0 AMD=0 TL=0,10542,11275,86.360064,92.3648,True
wave=0 PMD=127 PMS=0 AMD=0 TL=0,11275,12008,92.3648,98.369536,True
wave=0 PMD=1 PMS=1 AMD=0 TL=0,12008,12741,98.369536,104.374272,True
wave=0 PMD=2 PMS=1 AMD=0 TL=0,12741,13474,104.374272,110.379008,True
wave=0 PMD=3 PMS=1 AMD=0 TL=0,13474,14207,110.379008,116.383744,True
wave=0 PMD=7 PMS=1 AMD=0 TL=0,14207,14940,116.383744,122.38848,True
wave=0 PMD=15 PMS=1 AMD=0 TL=0,14940,15673,122.38848,128.393216,True
wave=0 PMD=16 PMS=1 AMD=0 TL=0,15673,16406,128.393216,134.397952,True
wave=0 PMD=17 PMS=1 AMD=0 TL=0,16406,17139,134.397952,140.402688,True
wave=0 PMD=31 PMS=1 AMD=0 TL=0,17139,17872,140.402688,146.407424,True
wave=0 PMD=32 PMS=1 AMD=0 TL=0,17872,18605,146.407424,152.41216,True
wave=0 PMD=33 PMS=1 AMD=0 TL=0,18605,19338,152.41216,158.416896,True
wave=0 PMD=63 PMS=1 AMD=0 TL=0,19338,20071,158.416896,164.421632,True
wave=0 PMD=64 PMS=1 AMD=0 TL=0,20071,20804,164.421632,170.426368,True
wave=0 PMD=65 PMS=1 AMD=0 TL=0,20804,21537,170.426368,176.431104,True
wave=0 PMD=95 PMS=1 AMD=0 TL=0,21537,22270,176.431104,182.43584,True
wave=0 PMD=126 PMS=1 AMD=0 TL=0,22270,23003,182.43584,188.440576,True
wave=0 PMD=127 PMS=1 AMD=0 TL=0,23003,23736,188.440576,194.445312,True
wave=0 PMD=1 PMS=2 AMD=0 TL=0,23736,24469,194.445312,200.450048,True
wave=0 PMD=2 PMS=2 AMD=0 TL=0,24469,25202,200.450048,206.454784,True
wave=0 PMD=3 PMS=2 AMD=0 TL=0,25202,25935,206.454784,212.45952,True
wave=0 PMD=7 PMS=2 AMD=0 TL=0,25935,26668,212.45952,218.464256,True
wave=0 PMD=15 PMS=2 AMD=0 TL=0,26668,27401,218.464256,224.468992,True
wave=0 PMD=16 PMS=2 AMD=0 TL=0,27401,28134,224.468992,230.473728,True
wave=0 PMD=17 PMS=2 AMD=0 TL=0,28134,28867,230.473728,236.478464,True
wave=0 PMD=31 PMS=2 AMD=0 TL=0,28867,29600,236.478464,242.4832,True
wave=0 PMD=32 PMS=2 AMD=0 TL=0,29600,30333,242.4832,248.487936,True
wave=0 PMD=33 PMS=2 AMD=0 TL=0,30333,31066,248.487936,254.492672,True
wave=0 PMD=63 PMS=2 AMD=0 TL=0,31066,31799,254.492672,260.497408,True
wave=0 PMD=64 PMS=2 AMD=0 TL=0,31799,32532,260.497408,266.502144,True
wave=0 PMD=65 PMS=2 AMD=0 TL=0,32532,33265,266.502144,272.50688,True
wave=0 PMD=95 PMS=2 AMD=0 TL=0,33265,33998,272.50688,278.511616,True
wave=0 PMD=126 PMS=2 AMD=0 TL=0,33998,34731,278.511616,284.516352,True
wave=0 PMD=127 PMS=2 AMD=0 TL=0,34731,35464,284.516352,290.521088,True
wave=0 PMD=1 PMS=3 AMD=0 TL=0,35464,36197,290.521088,296.525824,True
wave=0 PMD=2 PMS=3 AMD=0 TL=0,36197,36930,296.525824,302.53056,True
wave=0 PMD=3 PMS=3 AMD=0 TL=0,36930,37663,302.53056,308.535296,True
wave=0 PMD=7 PMS=3 AMD=0 TL=0,37663,38396,308.535296,314.540032,True
wave=0 PMD=15 PMS=3 AMD=0 TL=0,38396,39129,314.540032,320.544768,True
wave=0 PMD=16 PMS=3 AMD=0 TL=0,39129,39862,320.544768,326.549504,True
wave=0 PMD=17 PMS=3 AMD=0 TL=0,39862,40595,326.549504,332.55424,True
wave=0 PMD=31 PMS=3 AMD=0 TL=0,40595,41328,332.55424,338.558976,True
wave=0 PMD=32 PMS=3 AMD=0 TL=0,41328,42061,338.558976,344.563712,True
wave=0 PMD=33 PMS=3 AMD=0 TL=0,42061,42794,344.563712,350.568448,True
wave=0 PMD=63 PMS=3 AMD=0 TL=0,42794,43527,350.568448,356.573184,True
wave=0 PMD=64 PMS=3 AMD=0 TL=0,43527,44260,356.573184,362.57792,True
wave=0 PMD=65 PMS=3 AMD=0 TL=0,44260,44993,362.57792,368.582656,True
wave=0 PMD=95 PMS=3 AMD=0 TL=0,44993,45726,368.582656,374.587392,True
wave=0 PMD=126 PMS=3 AMD=0 TL=0,45726,46459,374.587392,380.592128,True
wave=0 PMD=127 PMS=3 AMD=0 TL=0,46459,47192,380.592128,386.596864,True
wave=0 PMD=1 PMS=4 AMD=0 TL=0,47192,47925,386.596864,392.6016,True
wave=0 PMD=2 PMS=4 AMD=0 TL=0,47925,48658,392.6016,398.606336,True
wave=0 PMD=3 PMS=4 AMD=0 TL=0,48658,49391,398.606336,404.611072,True
wave=0 PMD=7 PMS=4 AMD=0 TL=0,49391,50124,404.611072,410.615808,True
wave=0 PMD=15 PMS=4 AMD=0 TL=0,50124,50857,410.615808,416.620544,True
wave=0 PMD=16 PMS=4 AMD=0 TL=0,50857,51590,416.620544,422.62528,True
wave=0 PMD=17 PMS=4 AMD=0 TL=0,51590,52323,422.62528,428.630016,True
wave=0 PMD=31 PMS=4 AMD=0 TL=0,52323,53056,428.630016,434.634752,True
wave=0 PMD=32 PMS=4 AMD=0 TL=0,53056,53789,434.634752,440.639488,True
wave=0 PMD=33 PMS=4 AMD=0 TL=0,53789,54522,440.639488,446.644224,True
wave=0 PMD=63 PMS=4 AMD=0 TL=0,54522,55255,446.644224,452.64896,True
wave=0 PMD=64 PMS=4 AMD=0 TL=0,55255,55988,452.64896,458.653696,True
wave=0 PMD=65 PMS=4 AMD=0 TL=0,55988,56721,458.653696,464.658432,True
wave=0 PMD=95 PMS=4 AMD=0 TL=0,56721,57454,464.658432,470.663168,True
wave=0 PMD=126 PMS=4 AMD=0 TL=0,57454,58187,470.663168,476.667904,True
wave=0 PMD=127 PMS=4 AMD=0 TL=0,58187,58920,476.667904,482.67264,True
wave=0 PMD=1 PMS=5 AMD=0 TL=0,58920,59653,482.67264,488.677376,True
wave=0 PMD=2 PMS=5 AMD=0 TL=0,59653,60386,488.677376,494.682112,True
wave=0 PMD=3 PMS=5 AMD=0 TL=0,60386,61119,494.682112,500.686848,True
wave=0 PMD=7 PMS=5 AMD=0 TL=0,61119,61852,500.686848,506.691584,True
wave=0 PMD=15 PMS=5 AMD=0 TL=0,61852,62585,506.691584,512.69632,True
wave=0 PMD=16 PMS=5 AMD=0 TL=0,62585,63318,512.69632,518.701056,True
wave=0 PMD=17 PMS=5 AMD=0 TL=0,63318,64051,518.701056,524.705792,True
wave=0 PMD=31 PMS=5 AMD=0 TL=0,64051,64784,524.705792,530.710528,True
wave=0 PMD=32 PMS=5 AMD=0 TL=0,64784,65517,530.710528,536.715264,True
wave=0 PMD=33 PMS=5 AMD=0 TL=0,65517,66250,536.715264,542.72,True
wave=0 PMD=63 PMS=5 AMD=0 TL=0,66250,66983,542.72,548.724736,True
wave=0 PMD=64 PMS=5 AMD=0 TL=0,66983,67716,548.724736,554.729472,True
wave=0 PMD=65 PMS=5 AMD=0 TL=0,67716,68449,554.729472,560.734208,True
wave=0 PMD=95 PMS=5 AMD=0 TL=0,68449,69182,560.734208,566.738944,True
wave=0 PMD=126 PMS=5 AMD=0 TL=0,69182,69915,566.738944,572.74368,True
wave=0 PMD=127 PMS=5 AMD=0 TL=0,69915,70648,572.74368,578.748416,True
wave=0 PMD=1 PMS=6 AMD=0 TL=0,70648,71381,578.748416,584.753152,True
wave=0 PMD=2 PMS=6 AMD=0 TL=0,71381,72114,584.753152,590.757888,True
wave=0 PMD=3 PMS=6 AMD=0 TL=0,72114,72847,590.757888,596.762624,True
wave=0 PMD=7 PMS=6 AMD=0 TL=0,72847,73580,596.762624,602.76736,True
wave=0 PMD=15 PMS=6 AMD=0 TL=0,73580,74313,602.76736,608.772096,True
wave=0 PMD=16 PMS=6 AMD=0 TL=0,74313,75046,608.772096,614.776832,True
wave=0 PMD=17 PMS=6 AMD=0 TL=0,75046,75779,614.776832,620.781568,True
wave=0 PMD=31 PMS=6 AMD=0 TL=0,75779,76512,620.781568,626.786304,True
wave=0 PMD=32 PMS=6 AMD=0 TL=0,76512,77245,626.786304,632.79104,True
wave=0 PMD=33 PMS=6 AMD=0 TL=0,77245,77978,632.79104,638.795776,True
wave=0 PMD=63 PMS=6 AMD=0 TL=0,77978,78711,638.795776,644.800512,True
wave=0 PMD=64 PMS=6 AMD=0 TL=0,78711,79444,644.800512,650.805248,True
wave=0 PMD=65 PMS=6 AMD=0 TL=0,79444,80177,650.805248,656.809984,True
wave=0 PMD=95 PMS=6 AMD=0 TL=0,80177,80910,656.809984,662.81472,True
wave=0 PMD=126 PMS=6 AMD=0 TL=0,80910,81643,662.81472,668.819456,True
wave=0 PMD=127 PMS=6 AMD=0 TL=0,81643,82376,668.819456,674.824192,True
wave=0 PMD=1 PMS=7 AMD=0 TL=0,82376,83109,674.824192,680.828928,True
wave=0 PMD=2 PMS=7 AMD=0 TL=0,83109,83842,680.828928,686.833664,True
wave=0 PMD=3 PMS=7 AMD=0 TL=0,83842,84575,686.833664,692.8384,True
wave=0 PMD=7 PMS=7 AMD=0 TL=0,84575,85308,692.8384,698.843136,True
wave=0 PMD=15 PMS=7 AMD=0 TL=0,85308,86041,698.843136,704.847872,True
wave=0 PMD=16 PMS=7 AMD=0 TL=0,86041,86774,704.847872,710.852608,True
wave=0 PMD=17 PMS=7 AMD=0 TL=0,86774,87507,710.852608,716.857344,True
wave=0 PMD=31 PMS=7 AMD=0 TL=0,87507,88240,716.857344,722.86208,True
wave=0 PMD=32 PMS=7 AMD=0 TL=0,88240,88973,722.86208,728.866816,True
wave=0 PMD=33 PMS=7 AMD=0 TL=0,88973,89706,728.866816,734.871552,True
wave=0 PMD=63 PMS=7 AMD=0 TL=0,89706,90439,734.871552,740.876288,True
wave=0 PMD=64 PMS=7 AMD=0 TL=0,90439,91172,740.876288,746.881024,True
wave=0 PMD=65 PMS=7 AMD=0 TL=0,91172,91905,746.881024,752.88576,True
wave=0 PMD=95 PMS=7 AMD=0 TL=0,91905,92638,752.88576,758.890496,True
wave=0 PMD=126 PMS=7 AMD=0 TL=0,92638,93371,758.890496,764.895232,True
wave=0 PMD=127 PMS=7 AMD=0 TL=0,93371,94104,764.895232,770.899968,True
tail silence,94104,94232,770.899968,771.948544,False
