file,label,a,b,full,db_low,db_high,db_median,cents_low,cents_high,ref_hz,frequency,wraps,period_s,interval_cv,refined_period_s,n_edges,predicted_period_s,relative_error,timing_rms_ms,step_count,step_median_s
17,LFRQ=80 saw AM; measure transition times and increment sizes,1.252,13.252374999999999,True,3.2033166885375977,21.38678741455078,12.338641166687012,-0.05717829242348671,0.05613422393798828,1752.109130859375,128,2,,,4.194,2,4.194016923337455,-4.035114250733329e-06,,,
17,LFRQ=81 saw AM; measure transition times and increment sizes,13.252374999999999,25.25275,True,2.2605440616607666,21.302764892578125,11.861162185668945,-0.05562007799744606,0.055515106767416,1752.1090087890625,129,1,,,3.948000000000002,3,3.9472818597623833,0.00018193284977674473,1.1077531149480598e-12,,
17,LFRQ=82 saw AM; measure transition times and increment sizes,25.25275,37.253125000000004,True,2.3587284088134766,21.762187957763672,12.426558494567871,-0.0583030991256237,0.05943617969751358,1752.1092529296875,130,2,,,3.735000000000001,3,3.7279647613323186,0.0018871526739348,1.1077531149480598e-12,,
17,LFRQ=83 saw AM; measure transition times and increment sizes,37.253125000000004,49.253499999999995,True,2.5415890216827393,21.666593551635742,13.110374450683594,-0.06130601465702057,0.06090134382247925,1752.1092529296875,131,2,,,3.538500000000001,3,3.5317360331276664,0.001915196042084899,0.2357022603953852,,
17,LFRQ=84 saw AM; measure transition times and increment sizes,49.253499999999995,61.253874999999994,True,2.640103578567505,21.50143051147461,13.085945129394531,-0.06139889359474182,0.060880787670612335,1752.1092529296875,132,3,3.35,0.0023880597014925395,3.3500000000000005,3,3.3551320833012888,-0.0015296218371940729,3.771236166328675,,
17,LFRQ=85 saw AM; measure transition times and increment sizes,61.253874999999994,73.25424999999998,True,2.73392653465271,21.469743728637695,12.521780014038086,-0.060057383030653,0.06046804413199425,1752.109375,133,1,,,3.1945000000000014,3,3.1953491128013174,-0.0002657339687591742,0.2357022603953852,,
17,LFRQ=86 saw AM; measure transition times and increment sizes,73.25424999999998,85.25462499999998,True,2.777906894683838,21.290327072143555,11.958690643310547,-0.059438224881887436,0.060261670500040054,1752.109130859375,134,1,,,3.0470000000000006,3,3.050093149225274,-0.001014116315122715,9.593423386663632e-13,,
17,LFRQ=87 saw AM; measure transition times and increment sizes,85.25462499999998,97.255,True,2.266550064086914,21.667285919189453,11.958398818969727,-0.060676541179418564,0.060880787670612335,1752.109130859375,135,0,,,2.9160000000000004,4,2.9174692055809524,-0.0005035890621026828,0.0,,
17,LFRQ=88 saw AM; measure transition times and increment sizes,97.255,109.25537499999999,True,2.359208822250366,21.664716720581055,12.42725944519043,-0.06191485747694969,0.06335724890232086,1752.109130859375,136,2,,,2.7964999999999995,4,2.7958981515994776,0.00021526120333725807,4.568916720624067,,
17,LFRQ=89 saw AM; measure transition times and increment sizes,109.25537499999999,121.25574999999999,True,2.539376735687256,21.5700626373291,12.990694999694824,-0.06440182030200958,0.06480184942483902,1752.1092529296875,137,3,2.6784999999999997,0.0031734179578121907,2.6799,4,2.6840535374831296,-0.0015474868236139416,3.697972417420051,,
17,LFRQ=8A saw AM; measure transition times and increment sizes,121.25574999999999,133.25612499999997,True,2.5528931617736816,21.476390838623047,12.669167518615723,-0.06377234309911728,0.06397636234760284,1752.1090087890625,138,3,3.8745,0.336172409343141,2.5835000000000004,4,2.58081299787731,0.0010411456098913252,4.568916720623848,,
17,LFRQ=8B saw AM; measure transition times and increment sizes,133.25612499999997,145.2565,True,2.7428250312805176,21.38266372680664,12.24043083190918,-0.06512417644262314,0.06521458923816681,1752.1090087890625,139,2,,,2.4899999999999998,4,2.48522045573664,0.0019231872377065695,3.8459253727671276e-13,,
17,LFRQ=8C saw AM; measure transition times and increment sizes,145.2565,157.25687499999998,True,2.4475178718566895,21.289531707763672,11.949121475219727,-0.06471139937639236,0.06480184942483902,1752.109130859375,140,3,2.4,0.0033333333333333366,2.3968000000000003,4,2.3964564259243772,0.0001433675454751704,4.381780460041901,,
17,LFRQ=8D saw AM; measure transition times and increment sizes,157.25687499999998,169.25724999999997,True,2.25799298286438,21.66437530517578,11.95909309387207,-0.06593940407037735,0.06604007631540298,1752.109375,141,1,,,2.3148000000000004,5,2.3138144633061852,0.00042593592072504016,3.9191835884525807,,
17,LFRQ=8E saw AM; measure transition times and increment sizes,169.25724999999997,181.257625,True,2.352699041366577,21.573041915893555,12.426506042480469,-0.06976788491010666,0.07119935005903244,1752.109375,142,4,2.228,0.003377226417607393,2.2362,5,2.2366823215300786,-0.00021564149966035728,4.252058325094119,,
17,LFRQ=8F saw AM; measure transition times and increment sizes,181.257625,193.25799999999998,True,2.4479784965515137,21.479204177856445,12.721403121948242,-0.06759049743413925,0.06810379028320312,1752.109375,143,4,2.163,0.3555117111779325,2.1675,5,2.164526758722589,0.0013736218623443541,4.007492981903138,,
18,LFRQ=90 saw AM; measure transition times and increment sizes,1.251,13.25175,True,2.541091203689575,21.38550567626953,12.336559295654297,-0.06614579260349274,0.06665918976068497,1752.109619140625,144,5,2.097,0.0,2.0968,5,2.0970084616687275,-9.940907370564744e-05,0.2828427124749647,,
18,LFRQ=91 saw AM; measure transition times and increment sizes,13.25175,25.252499999999998,True,2.1955337524414062,21.287076950073242,11.769203186035156,-0.06593940407037735,0.06665918976068497,1752.109130859375,145,1,,,1.9739999999999995,6,1.9736409298811917,0.0001819328497760786,1.1585159381820606e-12,,
18,LFRQ=92 saw AM; measure transition times and increment sizes,25.252499999999998,37.253249999999994,True,2.359949827194214,21.47812843322754,12.427690505981445,-0.06924159824848175,0.06954839080572128,1752.1090087890625,146,4,3.727,0.2822054743068294,1.8645714285714283,6,1.8639823806661593,0.0003160158118331591,2.145501014489478,,
18,LFRQ=93 saw AM; measure transition times and increment sizes,37.253249999999994,49.25399999999999,True,2.5409884452819824,21.3231258392334,12.147377014160156,-0.06987108290195465,0.07161209732294083,1752.109130859375,147,4,1.761,0.0021382930446011664,1.7655999999999996,6,1.7658680165638332,-0.00015177610179217815,1.9663841605002501,,
18,LFRQ=94 saw AM; measure transition times and increment sizes,49.25399999999999,61.25474999999999,True,2.2585744857788086,21.479888916015625,11.869014739990234,-0.0733693465590477,0.07408854365348816,1752.1092529296875,148,5,1.679,0.0020656539148108275,1.6777857142857142,7,1.6775660416506444,0.00013094723522999452,2.334304948338345,,
18,LFRQ=95 saw AM; measure transition times and increment sizes,61.25474999999999,73.2555,True,2.3601908683776855,21.403657913208008,12.42753791809082,-0.07450448721647263,0.07553312927484512,1752.1094970703125,149,5,1.597,0.34658367023479414,1.5971785714285716,7,1.5976745564006587,-0.00031044180437134195,0.27664166758630365,,
18,LFRQ=96 saw AM; measure transition times and increment sizes,73.2555,85.25625,True,2.4764456748962402,21.291812896728516,11.964414596557617,-0.07925141602754593,0.07842230796813965,1752.1092529296875,150,4,3.047,0.28317943049494787,1.5258571428571428,7,1.525046574612637,0.000531503927813981,2.2314999074019477,,
18,LFRQ=97 saw AM; measure transition times and increment sizes,85.25625,97.25699999999999,True,2.262403726577759,21.47875213623047,11.953835487365723,-0.08060327172279358,0.07986690104007721,1752.1094970703125,151,1,,,1.4594285714285709,8,1.4587346027904762,0.00047573330801031766,2.0701966780267615,,
18,LFRQ=98 saw AM; measure transition times and increment sizes,97.25699999999999,109.25774999999999,True,2.3867228031158447,21.391218185424805,12.423620223999023,-0.08079932630062103,0.08048601448535919,1752.109375,152,6,1.401,0.3493944477355029,1.3977380952380951,8,1.3979490757997388,-0.00015092149299000823,2.253304451773047,,
18,LFRQ=99 saw AM; measure transition times and increment sizes,109.25774999999999,121.2585,True,2.5019142627716064,21.29249382019043,11.95724868774414,-0.0797673910856247,0.08069238066673279,1752.109130859375,153,6,1.343,0.3493710088633565,1.341738095238095,8,1.3420267687415648,-0.0002151026419096036,2.01925257270644,,
18,LFRQ=9A saw AM; measure transition times and increment sizes,121.2585,133.25924999999998,True,2.298506021499634,21.47635269165039,11.958928108215332,-0.08296641707420349,0.08378791064023972,1752.109130859375,154,7,1.29,0.003100775193798453,1.2902999999999998,9,1.290406498938655,-8.253130989566149e-05,2.599620105199826,,
18,LFRQ=9B saw AM; measure transition times and increment sizes,133.25924999999998,145.26,True,2.4310150146484375,21.37955665588379,12.242349624633789,-0.08915810286998749,0.08997898548841476,1752.1094970703125,155,9,1.245,0.0027868878641494426,1.2425666666666666,9,1.24261022786832,-3.505620722932257e-05,2.2514741398620433,,
18,LFRQ=9C saw AM; measure transition times and increment sizes,145.26,157.26074999999994,True,2.4462006092071533,21.28485870361328,11.87742805480957,-0.08699100464582443,0.08814221620559692,1752.1092529296875,156,7,1.196,0.003146192574801104,1.1984,9,1.1982282129621886,0.00014336754547494834,2.418039201552854,,
18,LFRQ=9D saw AM; measure transition times and increment sizes,157.26074999999994,169.26149999999996,True,2.3419597148895264,21.40291976928711,11.965069770812988,-0.08853892236948013,0.08956625312566757,1752.1092529296875,157,8,1.155,0.003122851657986304,1.1569878787878787,10,1.1569072316530926,6.970924943638934e-05,2.5374766755161975,,
18,LFRQ=9E saw AM; measure transition times and increment sizes,169.26149999999996,181.26224999999997,True,2.387680768966675,21.3778018951416,12.14281940460205,-0.09307950735092163,0.09224903583526611,1752.1092529296875,158,5,1.118,0.8671561618552854,1.1178787878787875,10,1.1183411607650393,-0.00041344529064413216,1.969463855669156,,
18,LFRQ=9F saw AM; measure transition times and increment sizes,181.26224999999997,193.26299999999998,True,2.2858524322509766,21.27618408203125,11.85290241241455,-0.09495766460895538,0.09474600851535797,1752.109375,159,7,1.081,0.3547820640625737,1.0821272727272726,10,1.0822633793612946,-0.00012576110087203496,2.4731283097248613,,
19,LFRQ=A0 saw AM; measure transition times and increment sizes,1.247,13.248062499999998,True,2.346421003341675,21.387622833251953,12.052830696105957,-0.0827600285410881,0.08399428427219391,1752.1094970703125,160,7,2.097,0.2828427607148478,1.0484181818181817,11,1.0485042308343637,-8.206835380486499e-05,0.2634795772033972,,
19,LFRQ=A1 saw AM; measure transition times and increment sizes,13.248062499999998,25.249125,True,2.258850336074829,21.296005249023438,11.850034713745117,-0.08575267344713211,0.08564523607492447,1752.1092529296875,161,12,0.987,0.001165494392395976,0.9865524475524473,12,0.9868204649405958,-0.000271596909134475,1.081022279423129,,
19,LFRQ=A2 saw AM; measure transition times and increment sizes,25.249125,37.2501875,True,2.402325391769409,21.29309844970703,11.956809997558594,-0.08575267344713211,0.08688345551490784,1752.1092529296875,162,9,0.934,0.34571933928036763,0.9318776223776223,12,0.9319911903330796,-0.00012185518128848827,1.1586051818310343,,
19,LFRQ=A3 saw AM; measure transition times and increment sizes,37.2501875,49.25124999999999,True,2.3497376441955566,21.385833740234375,12.113607406616211,-0.09380187839269638,0.09369361400604248,1752.109375,163,9,1.325,0.33346182363382154,0.8829945054945056,13,0.8829340082819166,6.851838531707344e-05,1.5498207024158446,,
19,LFRQ=A4 saw AM; measure transition times and increment sizes,49.25124999999999,61.252312499999995,True,2.2612619400024414,21.450408935546875,11.911335945129395,-0.0920475646853447,0.09369361400604248,1752.109375,164,8,1.675,0.26304923902571087,0.8387274725274727,14,0.8387830208253222,-6.622487159413382e-05,1.2194138643976518,,
19,LFRQ=A5 saw AM; measure transition times and increment sizes,61.252312499999995,73.25337499999999,True,2.3593969345092773,21.28968048095703,11.873819351196289,-0.09720732271671295,0.09905917197465897,1752.109375,165,10,0.799,0.35245032898681505,0.7987032967032968,14,0.7988372782003293,-0.00016772063684167282,1.1619287813526618,,
19,LFRQ=A6 saw AM; measure transition times and increment sizes,73.25337499999999,85.25443749999998,True,2.351731538772583,21.38251304626465,12.051669120788574,-0.10339905321598053,0.10380560904741287,1752.1094970703125,166,10,0.762,0.49885501795996035,0.7625357142857142,15,0.7625232873063185,1.6297180168267644e-05,1.3509549826250873,,
19,LFRQ=A7 saw AM; measure transition times and increment sizes,85.25443749999998,97.25549999999998,True,2.2735037803649902,21.386669158935547,11.952961921691895,-0.10835245996713638,0.10669475048780441,1752.1094970703125,167,9,0.729,0.0,0.7293705882352941,16,0.7293673013952381,4.506426391381879e-06,1.0095135695267143,,
19,LFRQ=A8 saw AM; measure transition times and increment sizes,97.25549999999998,109.25656249999997,True,2.2664003372192383,21.290706634521484,11.810400009155273,-0.11278989166021347,0.11391756683588028,1752.1097412109375,168,11,0.7,0.44690235804577555,0.6989838235294118,16,0.6989745378998694,1.3284646348088458e-05,1.271036226169637,,
19,LFRQ=A9 saw AM; measure transition times and increment sizes,109.25656249999997,121.25762499999999,True,2.348639488220215,21.33955955505371,11.955904006958008,-0.11413145065307617,0.11660030484199524,1752.1094970703125,169,13,0.672,0.3469201197639095,0.6710220588235294,17,0.6710133843707824,1.2927391537909116e-05,1.3447642929005874,,
19,LFRQ=AA saw AM; measure transition times and increment sizes,121.25762499999999,133.25868749999998,True,2.327237606048584,21.387680053710938,11.959978103637695,-0.11588578671216965,0.11660030484199524,1752.109619140625,170,15,0.645,0.0031007751937984517,0.6451960784313724,18,0.6452032494693275,-1.111438598766501e-05,1.272581077910109,,
19,LFRQ=AB saw AM; measure transition times and increment sizes,133.25868749999998,145.25975,True,2.26181697845459,21.461994171142578,11.860427856445312,-0.1234191432595253,0.12320397794246674,1752.1094970703125,171,14,0.623,0.35120870264056203,0.6213561403508774,19,0.62130511393416,8.212779127836356e-05,1.3109032079765162,,
19,LFRQ=AC saw AM; measure transition times and increment sizes,145.25975,157.26081249999996,True,2.352301597595215,21.350143432617188,11.874805450439453,-0.12651506066322327,0.1256803572177887,1752.109375,172,12,0.598,0.2641815467463889,0.5991298245614036,19,0.5991141064810943,2.623553700242809e-05,1.0650148798808226,,
19,LFRQ=AD saw AM; measure transition times and increment sizes,157.26081249999996,169.26187499999997,True,2.3395886421203613,21.382577896118164,11.963068008422852,-0.13074614107608795,0.1326967179775238,1752.109619140625,173,13,0.8685,0.3335965804087784,0.5784518796992482,20,0.5784536158265463,-3.0013249993077196e-06,1.2798466778473707,,
19,LFRQ=AE saw AM; measure transition times and increment sizes,169.26187499999997,181.2629375,True,2.261190176010132,21.395523071289062,11.893662452697754,-0.13456445932388306,0.13537944853305817,1752.1094970703125,174,17,0.561,0.29398741981113913,0.5592012987012988,21,0.5591705803825197,5.493550600976782e-05,1.2731063722585616,,
19,LFRQ=AF saw AM; measure transition times and increment sizes,181.2629375,193.26399999999998,True,2.2996468544006348,21.304397583007812,11.783346176147461,-0.1366284042596817,0.13517309725284576,1752.1094970703125,175,15,0.541,0.35356944891489617,0.5411493506493507,21,0.5411316896806473,3.2637099323773455e-05,1.271810342021647,,
20,LFRQ=B0 saw AM; measure transition times and increment sizes,1.255,13.256374999999997,True,2.3498401641845703,21.387981414794922,11.950794219970703,-0.10484379529953003,0.10586927831172943,1752.109375,176,16,0.524,0.4368322833738417,0.5242179559570863,22,0.5242521154171819,-6.515845924315311e-05,0.28225408447889916,,
20,LFRQ=B1 saw AM; measure transition times and increment sizes,13.256374999999997,25.257749999999998,True,2.2591075897216797,21.37798500061035,11.800566673278809,-0.10793966799974442,0.11061570793390274,1752.1094970703125,177,17,0.494,0.34490594938518243,0.49336956521739134,23,0.4934102324702979,-8.242077328424191e-05,0.5784406389413203,,
20,LFRQ=B2 saw AM; measure transition times and increment sizes,25.257749999999998,37.259125,True,2.2898802757263184,21.38589859008789,11.956835746765137,-0.11557619273662567,0.11515575647354126,1752.109619140625,178,18,0.467,0.6453024956999096,0.46597692307692307,25,0.4659955951665398,-4.006924059030137e-05,0.7251949340056805,,
20,LFRQ=B3 saw AM; measure transition times and increment sizes,37.259125,49.260499999999986,True,2.3441097736358643,21.337614059448242,11.822376251220703,-0.12496710568666458,0.12444216758012772,1752.1094970703125,179,19,0.442,0.3516336133309853,0.44144752136752147,26,0.4414670041409583,-4.413189038832144e-05,0.7629831759342595,,
20,LFRQ=B4 saw AM; measure transition times and increment sizes,49.260499999999986,61.26187499999999,True,2.2650973796844482,21.386669158935547,11.89378547668457,-0.1328101009130478,0.13125218451023102,1752.1094970703125,180,18,0.42,0.5272938284043945,0.41938067870826484,28,0.4193915104126611,-2.582719041110959e-05,0.6678312019877157,,
20,LFRQ=B5 saw AM; measure transition times and increment sizes,61.26187499999999,73.26324999999999,True,2.3341948986053467,21.381546020507812,11.864093780517578,-0.13775327801704407,0.1388668566942215,1752.1094970703125,181,19,0.6000000000000001,0.3851602461431099,0.399411330049261,29,0.3994186391001647,-1.829922339169343e-05,0.6429373522616812,,
20,LFRQ=B6 saw AM; measure transition times and increment sizes,73.26324999999999,85.26462499999998,True,2.2637059688568115,21.391891479492188,11.835390090942383,-0.14261388778686523,0.1413639634847641,1752.1094970703125,182,20,0.381,0.7415752729389029,0.3812633064516129,31,0.38126164365315923,4.361305369515733e-06,0.6719343998258067,,
20,LFRQ=B7 saw AM; measure transition times and increment sizes,85.26462499999998,97.26599999999998,True,2.2677829265594482,21.378345489501953,11.870479583740234,-0.14983776211738586,0.14899934828281403,1752.109375,183,22,0.367,0.33794000218114856,0.3646741202346041,32,0.36468365069761904,-2.6133507758596686e-05,0.710806948189878,,
20,LFRQ=B8 saw AM; measure transition times and increment sizes,97.26599999999998,109.26737499999997,True,2.2578203678131104,21.34337043762207,11.769372940063477,-0.1505601555109024,0.152094766497612,1752.109375,184,24,0.35,0.5755352925874969,0.3494822860962566,33,0.3494872689499347,-1.4257611423373895e-05,0.6370979762656206,,
20,LFRQ=B9 saw AM; measure transition times and increment sizes,109.26737499999997,121.26874999999998,True,2.267127513885498,21.381729125976562,11.875563621520996,-0.15953846275806427,0.16179372370243073,1752.109619140625,185,23,0.336,0.5516255852574233,0.335496918767507,35,0.3355066921853912,-2.913032172491281e-05,0.7012023059500642,,
20,LFRQ=BA saw AM; measure transition times and increment sizes,121.26874999999998,133.27012499999998,True,2.319706439971924,21.339750289916992,11.822111129760742,-0.16510090231895447,0.1675717830657959,1752.109619140625,186,25,0.324,0.34805538060095603,0.32259279279279285,36,0.32260162473466375,-2.7377239275150345e-05,0.700933644963145,,
20,LFRQ=BB saw AM; measure transition times and increment sizes,133.27012499999998,145.27149999999997,True,2.2622509002685547,21.3852481842041,11.85075569152832,-0.17027118802070618,0.17107988893985748,1752.1094970703125,187,26,0.311,0.472852113222629,0.31065565160302,38,0.31065255696708,9.96172692158126e-06,0.7477465219336933,,
20,LFRQ=BC saw AM; measure transition times and increment sizes,145.27149999999997,157.27287499999994,True,2.280822992324829,21.383975982666016,11.865702629089355,-0.17192238569259644,0.17396891117095947,1752.1094970703125,188,22,0.299,0.20252163098842477,0.2995688259109312,39,0.29955705324054716,3.930026102438866e-05,0.5781288943165555,,
20,LFRQ=BD saw AM; measure transition times and increment sizes,157.27287499999994,169.27424999999997,True,2.2632153034210205,21.388172149658203,11.771463394165039,-0.1802815943956375,0.17724987864494324,1752.1094970703125,189,26,0.289,0.4822730148888066,0.2892291744840524,40,0.28922680791327315,8.182404654277775e-06,0.7654797144572446,,
20,LFRQ=BE saw AM; measure transition times and increment sizes,169.27424999999997,181.27562499999996,True,2.2859084606170654,21.352951049804688,11.87574291229248,-0.179352805018425,0.17954057455062866,1752.109375,190,29,0.281,0.34659747801008595,0.27959290170974804,42,0.2795852901912598,2.7224316712093355e-05,0.70690712170307,,
20,LFRQ=BF saw AM; measure transition times and increment sizes,181.27562499999996,193.277,True,2.319756269454956,21.324005126953125,11.775592803955078,-0.18482241034507751,0.18531857430934906,1752.109619140625,191,30,0.271,0.4001079566724144,0.27057037148897617,43,0.27056584484032364,1.6730303321166318e-05,0.6888575063731224,,
21,LFRQ=C0 saw AM; measure transition times and increment sizes,1.254,13.255499999999998,True,2.282379627227783,21.358325958251953,11.837261199951172,-0.17512159049510956,0.17665158212184906,1752.1094970703125,192,31,0.262,0.7419502197652599,0.2621144927536232,45,0.26212605770859093,-4.411982184771013e-05,0.28868443155093176,,
21,LFRQ=C1 saw AM; measure transition times and increment sizes,13.255499999999998,25.256999999999998,True,2.2779860496520996,21.364200592041016,11.794208526611328,-0.19359450042247772,0.19398556649684906,1752.109375,193,34,0.247,0.42335658752550737,0.24669376899696047,48,0.24670511623514896,-4.5995147411881376e-05,0.4092423663562147,,
21,LFRQ=C2 saw AM; measure transition times and increment sizes,25.256999999999998,37.2585,True,2.268242120742798,21.32535171508789,11.772260665893555,-0.20649467408657074,0.2084304243326187,1752.1094970703125,194,36,0.234,0.3470396993169977,0.2329866506602642,50,0.2329977975832699,-4.784132348600867e-05,0.40359489037173374,,
21,LFRQ=C3 saw AM; measure transition times and increment sizes,37.2585,49.25999999999999,True,2.3147997856140137,21.32257080078125,11.80781364440918,-0.22197504341602325,0.2197798788547516,1752.1094970703125,195,37,0.221,0.642373205282114,0.2207281890017738,53,0.22073350207047915,-2.407006030125114e-05,0.41313070015647196,,
21,LFRQ=C4 saw AM; measure transition times and increment sizes,49.25999999999999,61.26149999999999,True,2.29697322845459,21.323883056640625,11.848708152770996,-0.23703239858150482,0.23484356701374054,1752.1097412109375,196,37,0.21,0.7044548377191846,0.2096874914559125,56,0.20969575520633055,-3.940828659076967e-05,0.39278101542901056,,
21,LFRQ=C5 saw AM; measure transition times and increment sizes,61.26149999999999,73.26299999999999,True,2.289214849472046,21.330020904541016,11.895903587341309,-0.2434413582086563,0.2410341054201126,1752.109619140625,197,37,0.2995,0.3836665033077253,0.19970268848626538,59,0.19970931955008234,-3.3203577238682946e-05,0.4148228296154285,,
21,LFRQ=C6 saw AM; measure transition times and increment sizes,73.26299999999999,85.26449999999998,True,2.2926738262176514,21.323959350585938,11.885891914367676,-0.24911759793758392,0.2480500042438507,1752.1097412109375,198,44,0.191,0.34821090633533486,0.19062788647981668,62,0.19063082182657962,-1.5398070127403685e-05,0.4676401112141178,,
21,LFRQ=C7 saw AM; measure transition times and increment sizes,85.26449999999998,97.26599999999999,True,2.285137176513672,21.310441970825195,11.81125259399414,-0.26294705271720886,0.26311343908309937,1752.109375,199,48,0.182,0.38535078539663475,0.18233905677655673,64,0.18234182534880952,-1.5183418546449445e-05,0.42796885103260773,,
21,LFRQ=C8 saw AM; measure transition times and increment sizes,97.26599999999999,109.26749999999998,True,2.29659366607666,21.291730880737305,11.816259384155273,-0.27481570839881897,0.27260541915893555,1752.1094970703125,200,46,0.175,0.9052765448201204,0.17474167930401474,67,0.17474363447496735,-1.1188796424477232e-05,0.37777385397595514,,
21,LFRQ=C9 saw AM; measure transition times and increment sizes,109.26749999999998,121.26899999999999,True,2.319615125656128,21.269405364990234,11.84496784210205,-0.28503310680389404,0.284573495388031,1752.109619140625,201,48,0.168,0.8402546313136701,0.16775003061849358,70,0.1677533460926956,-1.9763982532894353e-05,0.381474214662745,,
21,LFRQ=CA saw AM; measure transition times and increment sizes,121.26899999999999,133.2705,True,2.296773910522461,21.270788192749023,11.877087593078613,-0.29638588428497314,0.29881128668785095,1752.109619140625,202,52,0.162,0.4266616647997622,0.1612993952856967,73,0.16130081236733187,-8.785334769112474e-06,0.4138652424123175,,
21,LFRQ=CB saw AM; measure transition times and increment sizes,133.2705,145.272,True,2.297401189804077,21.273874282836914,11.886241912841797,-0.30616995692253113,0.3072505593299866,1752.1092529296875,203,55,0.156,0.3499518917105841,0.15532650717703345,76,0.15532627848354,1.472342578967556e-06,0.44127000159056984,,
21,LFRQ=CC saw AM; measure transition times and increment sizes,145.272,157.27349999999998,True,2.2931172847747803,21.27789306640625,11.877689361572266,-0.32270392775535583,0.3206835389137268,1752.10986328125,204,55,0.1505,0.34681848803139514,0.14977852527219618,78,0.14977852662027358,-9.000471812292687e-09,0.39025208741520595,,
21,LFRQ=CD saw AM; measure transition times and increment sizes,157.27349999999998,169.27499999999998,True,2.2965750694274902,21.280052185058594,11.85899543762207,-0.33735963702201843,0.33739709854125977,1752.1094970703125,205,54,0.289,0.3322243365727297,0.14461367791842475,80,0.14461340395663658,1.8944425668188103e-06,0.42875451308340357,,
21,LFRQ=CE saw AM; measure transition times and increment sizes,169.27499999999998,181.2765,True,2.294921636581421,21.260160446166992,11.84563159942627,-0.3464214503765106,0.34544429183006287,1752.109619140625,206,58,0.14,0.4338900404635667,0.1397934805423786,83,0.1397926450956299,5.976328354861948e-06,0.39162551663132283,,
21,LFRQ=CF saw AM; measure transition times and increment sizes,181.2765,193.278,True,2.3181276321411133,21.23636245727539,11.856740951538086,-0.3480934798717499,0.34769323468208313,1752.109619140625,207,61,0.135,0.5901863319002281,0.13528250389169297,86,0.13528292242016182,-3.0937272892384016e-06,0.42980007917777446,,
22,LFRQ=D0 saw AM; measure transition times and increment sizes,1.251,13.2529375,True,2.309492826461792,21.24716567993164,11.882232666015625,-0.36006590723991394,0.35823720693588257,1752.1097412109375,208,61,0.131,1.0561123446947918,0.13105446033367382,89,0.13106302885429547,-6.537709906861977e-05,0.2879001503611795,,
22,LFRQ=D1 saw AM; measure transition times and increment sizes,13.2529375,25.254875,True,2.324903726577759,21.239160537719727,11.88967514038086,-0.4011237621307373,0.3966153562068939,1752.1092529296875,209,62,0.246,0.3493003598986254,0.12334784434490481,95,0.12335255811757448,-3.821382176094623e-05,0.3245218542734997,,
22,LFRQ=D2 saw AM; measure transition times and increment sizes,25.254875,37.256812499999995,True,2.316237688064575,21.20401382446289,11.838241577148438,-0.4152847230434418,0.4145453870296478,1752.1099853515625,210,67,0.117,0.5087764877506745,0.11649474947494749,100,0.11649889879163496,-3.561678891816911e-05,0.32730559557588057,,
22,LFRQ=D3 saw AM; measure transition times and increment sizes,37.256812499999995,49.25874999999999,True,2.3365747928619385,21.20608139038086,11.870784759521484,-0.43654701113700867,0.4364162087440491,1752.1097412109375,211,70,0.111,0.5080426135146647,0.11036349850114617,106,0.11036675103523957,-2.947023503818702e-05,0.3311538404147752,,
22,LFRQ=D4 saw AM; measure transition times and increment sizes,49.25874999999999,61.26068749999999,True,2.3285486698150635,21.177452087402344,11.85616683959961,-0.44622865319252014,0.4432457387447357,1752.1094970703125,212,78,0.105,0.8543693781489228,0.10484484658489084,112,0.10484787760316527,-2.8908723225806732e-05,0.3264178504266137,,
22,LFRQ=D5 saw AM; measure transition times and increment sizes,61.26068749999999,73.26262499999999,True,2.326932668685913,21.148374557495117,11.810527801513672,-0.48739176988601685,0.4836852252483368,1752.1099853515625,213,79,0.1,0.5457654170543266,0.09985232058025743,117,0.09985465977504117,-2.342599523152966e-05,0.36041621364992377,,
22,LFRQ=D6 saw AM; measure transition times and increment sizes,73.26262499999999,85.26456249999998,True,2.3322200775146484,21.139240264892578,11.823326110839844,-0.5101412534713745,0.5094751715660095,1752.109619140625,214,86,0.095,0.5057388276422861,0.09531331983335697,123,0.09531541091328981,-2.1938529276566143e-05,0.318354051409049,,
22,LFRQ=D7 saw AM; measure transition times and increment sizes,85.26456249999998,97.2665,True,2.3263440132141113,21.117733001708984,11.826553344726562,-0.5272656083106995,0.5286627411842346,1752.1097412109375,215,87,0.091,0.6605794893937211,0.0911692475402504,129,0.09117091267440476,-1.8263875018020848e-05,0.3370054396137055,,
22,LFRQ=D8 saw AM; measure transition times and increment sizes,97.2665,109.26843749999998,True,2.3150951862335205,21.092161178588867,11.789344787597656,-0.5619275569915771,0.5571341514587402,1752.109619140625,216,93,0.088,0.4826594518523565,0.08737023653661516,134,0.08737181723748368,-1.8091656079688434e-05,0.3199739736607963,,
22,LFRQ=D9 saw AM; measure transition times and increment sizes,109.26843749999998,121.27037499999999,True,2.333226203918457,21.071516036987305,11.787847518920898,-0.6072431206703186,0.6014493107795715,1752.1094970703125,217,99,0.084,0.8766257552305865,0.08387518313616583,140,0.0838766730463478,-1.7763105376600308e-05,0.32307032028389665,,
22,LFRQ=DA saw AM; measure transition times and increment sizes,121.27037499999999,133.27231249999997,True,2.3448331356048584,21.078880310058594,11.82193374633789,-0.6369724273681641,0.6275671720504761,1752.10986328125,218,101,0.081,0.503413156778857,0.08064988190836091,145,0.08065040618366594,-6.500591005487166e-06,0.33253870176944833,,
22,LFRQ=DB saw AM; measure transition times and increment sizes,133.27231249999997,145.27425,True,2.3500306606292725,21.087858200073242,11.773796081542969,-0.6572567224502563,0.6492704749107361,1752.109375,219,101,0.078,0.5267314885294029,0.07766269611982755,150,0.07766313924177,-5.705691873525431e-06,0.33370646256944847,,
22,LFRQ=DC saw AM; measure transition times and increment sizes,145.27425,157.27618749999996,True,2.351635217666626,21.05558204650879,11.799759864807129,-0.698259711265564,0.680711030960083,1752.109375,220,106,0.075,0.46039217938758475,0.07488898863618407,156,0.07488926331013679,-3.6677347403646365e-06,0.3231391504318107,,
22,LFRQ=DD saw AM; measure transition times and increment sizes,157.27618749999996,169.278125,True,2.343743085861206,20.986942291259766,11.813331604003906,-0.7286304831504822,0.6981633305549622,1752.1094970703125,221,116,0.072,0.52123870605687,0.07230648172846092,162,0.07230670197831829,-3.0460503845919362e-06,0.3355453934667802,,
22,LFRQ=DE saw AM; measure transition times and increment sizes,169.278125,181.28006249999999,True,2.315533399581909,20.936233520507812,11.804292678833008,-0.8241031765937805,0.7547289729118347,1752.1097412109375,222,117,0.07,0.48637909622562253,0.06989682511053623,167,0.06989632254781496,7.190116775079858e-06,0.32417502047137237,,
22,LFRQ=DF saw AM; measure transition times and increment sizes,181.28006249999999,193.28199999999998,True,2.3222436904907227,20.881994247436523,11.797991752624512,-0.8287075161933899,0.794996440410614,1752.1097412109375,223,115,0.068,0.3843223782510544,0.06764236247919862,173,0.06764146121008091,1.33242112394516e-05,0.3231148955815608,,
23,LFRQ=E0 saw AM; measure transition times and increment sizes,1.236,13.237375,True,2.31449294090271,20.81475067138672,11.789783477783203,-1.3389692306518555,1.0973830223083496,1752.10986328125,224,124,0.066,0.3430595626173278,0.06552849949304684,178,0.06553151442714773,-4.60073924316573e-05,0.28969186353254284,,
23,LFRQ=E1 saw AM; measure transition times and increment sizes,13.237375,25.238750000000003,True,2.390155792236328,20.826778411865234,11.79750919342041,-1.346631646156311,1.0683016777038574,1752.1094970703125,225,132,0.062,0.37193382475210945,0.06167378306149317,190,0.06167627905878724,-4.046932357404387e-05,0.29939638419948345,,
23,LFRQ=E2 saw AM; measure transition times and increment sizes,25.238750000000003,37.240125000000006,True,2.4281625747680664,20.79253578186035,11.761956214904785,-1.7749037742614746,1.3691762685775757,1752.109375,226,137,0.058,0.5014761205825835,0.058247267622284604,201,0.05824944939581748,-3.7455693667531875e-05,0.2987256480584787,,
23,LFRQ=E3 saw AM; measure transition times and increment sizes,37.240125000000006,49.2415,True,2.4236371517181396,20.739788055419922,11.77280330657959,-2.695241928100586,1.873321771621704,1752.109375,227,147,0.055,0.5645295398458956,0.055182029312600994,212,0.05518337551761979,-2.4395119112674557e-05,0.3042482577391096,,
23,LFRQ=E4 saw AM; measure transition times and increment sizes,49.2415,61.242875000000005,True,2.3680384159088135,20.685827255249023,11.737709999084473,-2.415081739425659,1.7271510362625122,1752.109619140625,228,156,0.053,0.3723705390230213,0.05242234923905326,223,0.05242393880158264,-3.03213105636857e-05,0.29920374010358164,,
23,LFRQ=E5 saw AM; measure transition times and increment sizes,61.242875000000005,73.24425,True,2.2992398738861084,20.648151397705078,11.731851577758789,-2.7532846927642822,1.9672410488128662,1752.1097412109375,229,162,0.05,0.7703178796586441,0.04992617136006781,234,0.049927329887520584,-2.3204274199883912e-05,0.30493719519423157,,
23,LFRQ=E6 saw AM; measure transition times and increment sizes,73.24425,85.24562499999999,True,2.277193307876587,20.56423568725586,11.742257118225098,-4.092275619506836,3.00722074508667,1752.109375,230,168,0.048,0.38299129380208746,0.04765698944911831,245,0.047657705456644904,-1.5023961387417017e-05,0.30633826477928205,,
23,LFRQ=E7 saw AM; measure transition times and increment sizes,85.24562499999999,97.247,True,2.3146347999572754,20.47684097290039,11.727195739746094,-3.688589572906494,2.6437580585479736,1752.1094970703125,231,175,0.046,0.344827606564016,0.045584742755180534,257,0.04558545633720238,-1.565372114664676e-05,0.2976566412355915,,
23,LFRQ=E8 saw AM; measure transition times and increment sizes,97.247,109.248375,True,2.373307943344116,20.38893699645996,11.727866172790527,-4.356258869171143,3.3720455169677734,1752.10986328125,232,183,0.044,0.4414485455917297,0.04368555503672897,268,0.04368590861874184,-8.093731458269637e-06,0.2974474034569963,,
23,LFRQ=E9 saw AM; measure transition times and increment sizes,109.248375,121.24975,True,2.4416356086730957,20.30611228942871,11.714781761169434,-4.230985641479492,3.4087090492248535,1752.109619140625,233,184,0.042,1.1058482001615115,0.04193767529754998,279,0.0419383365231739,-1.576661543445379e-05,0.3759027247546919,,
23,LFRQ=EA saw AM; measure transition times and increment sizes,121.24975,133.251125,True,2.5132546424865723,20.29330062866211,11.715555191040039,-3.9145853519439697,3.1347601413726807,1752.109375,234,198,0.04,0.44790563221199287,0.04032520883638372,290,0.04032520309183297,1.4245559376568906e-07,0.3053440118982974,,
23,LFRQ=EB saw AM; measure transition times and increment sizes,133.251125,145.2525,True,2.5637152194976807,20.325088500976562,11.698308944702148,-5.035228252410889,4.031253814697266,1752.1094970703125,235,203,0.039,0.6579816264680672,0.03883163785785192,302,0.038831569620885,1.757254923795415e-06,0.30197000728690443,,
23,LFRQ=EC saw AM; measure transition times and increment sizes,145.2525,157.253875,True,2.592350482940674,20.365840911865234,11.695304870605469,-7.33931303024292,5.392124652862549,1752.10986328125,236,211,0.038,0.3383599846821633,0.037444703858441876,313,0.037444631655068394,1.928270363160678e-06,0.29624861290534904,,
23,LFRQ=ED saw AM; measure transition times and increment sizes,157.253875,169.25525,True,2.5812528133392334,20.359817504882812,11.686224937438965,-7.299551486968994,5.4002299308776855,1752.109619140625,237,224,0.036,0.6954599266110036,0.036153318077803184,323,0.036153350989159144,-9.103265689036633e-07,0.3005072807651943,,
23,LFRQ=EE saw AM; measure transition times and increment sizes,169.25525,181.256625,True,2.532717227935791,20.378286361694336,11.662801742553711,-9.83128547668457,6.378971576690674,1752.1092529296875,238,230,0.035,0.8405325795540903,0.034948087088083966,335,0.03494816127390748,-2.122738959831061e-06,0.35770527806920444,,
23,LFRQ=EF saw AM; measure transition times and increment sizes,181.256625,193.258,True,2.487791061401367,20.41988754272461,11.665452003479004,-8.190910339355469,5.899474143981934,1752.109375,239,234,0.034,0.5624225231031991,0.03382109779512469,346,0.033820730605040455,1.0856953048143936e-05,0.30103014901733144,,
24,LFRQ=F0 saw AM; measure transition times and increment sizes,1.248,13.2485,True,2.4322354793548584,20.419540405273438,11.65681266784668,-10.502959251403809,7.128499984741211,1752.10986328125,240,243,0.033,0.47644636927470285,0.03276414226477736,357,0.032765757213573866,-4.92876995327185e-05,0.29039948149674344,,
24,LFRQ=F1 saw AM; measure transition times and increment sizes,13.2485,25.249000000000002,True,2.32869291305542,20.413246154785156,11.654281616210938,-14.120415687561035,8.692091941833496,1752.109619140625,241,259,0.031,0.5785906712216085,0.03083676545361701,380,0.03083813952939362,-4.455767428190871e-05,0.2919842182494159,,
24,LFRQ=F2 saw AM; measure transition times and increment sizes,25.249000000000002,37.249500000000005,True,2.239798069000244,20.32967185974121,11.631278991699219,-12.869112014770508,8.321791648864746,1752.1097412109375,242,273,0.029,0.7183615604912644,0.029123473860439827,402,0.02912472469790874,-4.2947615192412414e-05,0.3365035748706426,,
24,LFRQ=F3 saw AM; measure transition times and increment sizes,37.249500000000005,49.25,True,2.227064609527588,20.254858016967773,11.621469497680664,-10.071755409240723,7.154808044433594,1752.1099853515625,243,290,0.028,0.3366054202234202,0.02759076054187232,424,0.027591687758809894,-3.3604937315856453e-05,0.29323833777128483,,
24,LFRQ=F4 saw AM; measure transition times and increment sizes,49.25,61.2505,True,2.2733852863311768,20.102615356445312,11.619028091430664,-16.53077507019043,11.554086685180664,1752.1094970703125,244,301,0.026,0.5365159499168854,0.026211260437650034,446,0.02621196940079132,-2.704730539104805e-05,0.2922283722599274,,
24,LFRQ=F5 saw AM; measure transition times and increment sizes,61.2505,73.251,True,2.3720242977142334,19.94184684753418,11.60218334197998,-21.386859893798828,14.512877464294434,1752.1094970703125,245,310,0.025,1.0721174953892758,0.024963083925706987,469,0.024963664943760292,-2.3274549414642465e-05,0.29058079255038544,,
24,LFRQ=F6 saw AM; measure transition times and increment sizes,73.251,85.2515,True,2.4458229541778564,19.893301010131836,11.5667724609375,-20.235654830932617,14.257895469665527,1752.1094970703125,246,329,0.024,0.5942419651252286,0.023828326603603536,491,0.023828852728322452,-2.207931388531481e-05,0.3472925843790218,,
24,LFRQ=F7 saw AM; measure transition times and increment sizes,85.2515,97.25200000000001,True,2.545731544494629,20.007307052612305,11.5430908203125,-29.066490173339844,18.974567413330078,1752.10986328125,247,347,0.023,0.5180313369529577,0.022792364417650805,513,0.02279272816860119,-1.595907904017313e-05,0.2924081992858429,,
24,LFRQ=F8 saw AM; measure transition times and increment sizes,97.25200000000001,109.2525,True,2.6418581008911133,20.171247482299805,11.543708801269531,-24.547855377197266,16.49142837524414,1752.10986328125,248,361,0.022,0.6103344815148968,0.021842723978553098,535,0.02184295430937092,-1.0544856458460927e-05,0.2924053326931354,,
24,LFRQ=F9 saw AM; measure transition times and increment sizes,109.2525,121.253,True,2.7291221618652344,20.301191329956055,11.517487525939941,-35.58692932128906,22.32293128967285,1752.10986328125,249,379,0.021,1.3245739565031527,0.020968977674607862,558,0.02096916826158695,-9.088914577293217e-06,0.29517196225707704,,
24,LFRQ=FA saw AM; measure transition times and increment sizes,121.253,133.25349999999997,True,2.822343111038208,20.383764266967773,11.505937576293945,-33.47039031982422,20.928346633911133,1752.109619140625,250,394,0.02,0.6209329751092827,0.020162549828586597,581,0.020162601545916484,-2.5650127425391744e-06,0.2935898420313641,,
24,LFRQ=FB saw AM; measure transition times and increment sizes,133.25349999999997,145.254,True,2.9029765129089355,20.473770141601562,11.466336250305176,-27.04805564880371,17.868444442749023,1752.110107421875,251,401,0.02,0.3552886372205044,0.019415676835728504,603,0.0194157848104425,-5.561182051083691e-06,0.3703896391968312,,
24,LFRQ=FC saw AM; measure transition times and increment sizes,145.254,157.25449999999998,True,2.987262725830078,20.580066680908203,11.45318603515625,-35.42805099487305,22.297582626342773,1752.1099853515625,252,416,0.019,0.4426847464269447,0.018722357483411157,625,0.018722315827534197,2.2249318589739886e-06,0.2924282425502996,,
24,LFRQ=FD saw AM; measure transition times and increment sizes,157.25449999999998,169.255,True,3.0263020992279053,20.649568557739258,11.45413589477539,-37.78999328613281,23.538394927978516,1752.1099853515625,253,437,0.018,0.9226684992386016,0.018076777358990815,647,0.018076675494579572,5.635129715741982e-06,0.29367230286097534,,
24,LFRQ=FE saw AM; measure transition times and increment sizes,169.255,181.25549999999998,True,3.0430092811584473,20.6481876373291,11.498506546020508,-37.161354064941406,23.457130432128906,1752.110107421875,254,450,0.018,0.3362590402217796,0.017474179877979144,669,0.01747408063695374,5.679327425900382e-06,0.293157540303052,,
24,LFRQ=FF saw AM; measure transition times and increment sizes,181.25549999999998,193.256,True,3.040121555328369,20.654834747314453,11.517423629760742,-46.921512603759766,27.043550491333008,1752.109375,255,466,0.017,0.8017532270565518,0.016910508229518957,692,0.016910365302520228,8.452034960360066e-06,0.2939069092410083,,
26,LFRQ=10 saw AM; partial-cycle steps; budget=90s,1.25,91.24470333952,True,20.248306274414062,23.46462631225586,21.856216430664062,-0.08843573182821274,0.08977261185646057,1752.1099853515625,16,0,,,,,,,,42,2.097
26,LFRQ=11 saw AM; partial-cycle steps; budget=90s,91.24470333952,181.23940667903997,True,19.968626022338867,23.370851516723633,21.667470932006836,-0.08523669838905334,0.08688345551490784,1752.1099853515625,17,0,,,,,,,,42,2.097
26,LFRQ=12 saw AM; partial-cycle steps; budget=90s,181.23940667903997,271.23411001856,True,19.77837562561035,23.370893478393555,21.572940826416016,-0.08657823503017426,0.08688345551490784,1752.1099853515625,18,0,,,,,,,,42,2.097
26,LFRQ=13 saw AM; partial-cycle steps; budget=90s,271.23411001856,361.22881335808006,True,19.591522216796875,23.37095069885254,21.478561401367188,-0.08193447440862656,0.08399428427219391,1752.1099853515625,19,0,,,,,,,,42,2.097
26,LFRQ=14 saw AM; partial-cycle steps; budget=90s,361.22881335808006,451.2235166976,True,19.30731773376465,23.371000289916992,21.29086685180664,-0.08193447440862656,0.08337518572807312,1752.1099853515625,20,0,,,,,,,,42,2.097
26,LFRQ=15 saw AM; partial-cycle steps; budget=90s,451.2235166976,541.21822003712,True,19.21156883239746,23.371013641357422,21.29086685180664,-0.0813153013586998,0.08193060010671616,1752.1099853515625,21,0,,,,,,,,42,2.097
26,LFRQ=16 saw AM; partial-cycle steps; budget=90s,541.21822003712,631.21292337664,True,18.836870193481445,23.275733947753906,21.005578994750977,-0.07925141602754593,0.08048601448535919,1752.1099853515625,22,0,,,,,,,,42,2.097
26,LFRQ=17 saw AM; partial-cycle steps; budget=90s,631.21292337664,721.20762671616,True,18.648283004760742,23.275798797607422,20.910961151123047,-0.08018016815185547,0.08048601448535919,1752.110107421875,23,0,,,,,,,,42,2.097
26,LFRQ=18 saw AM; partial-cycle steps; budget=90s,721.20762671616,811.20233005568,True,18.46158218383789,23.27579689025879,20.91098403930664,-0.08069613575935364,0.08131148666143417,1752.1099853515625,24,0,,,,,,,,42,2.097
26,LFRQ=19 saw AM; partial-cycle steps; budget=90s,811.20233005568,901.1970333952,True,18.178417205810547,23.182172775268555,20.720407485961914,-0.07770350575447083,0.07883504778146744,1752.1099853515625,25,0,,,,,,,,42,2.097
26,LFRQ=1A saw AM; partial-cycle steps; budget=90s,901.1970333952,991.1917367347199,True,17.989042282104492,23.182218551635742,20.626712799072266,-0.08214086294174194,0.08234333992004395,1752.1099853515625,26,0,,,,,,,,42,2.097
26,LFRQ=1B saw AM; partial-cycle steps; budget=90s,991.1917367347199,1081.18644007424,True,17.80021858215332,23.182270050048828,20.53276252746582,-0.08245044201612473,0.08378791064023972,1752.1099853515625,27,0,,,,,,,,42,2.097
26,LFRQ=1C saw AM; partial-cycle steps; budget=90s,1081.18644007424,1171.1811434137599,True,17.516307830810547,23.182262420654297,20.34809112548828,-0.07718753069639206,0.07821594923734665,1752.1099853515625,28,0,,,,,,,,43,2.097
27,LFRQ=20 saw AM; partial-cycle steps; budget=48s,1.25,49.2551875,True,19.97026252746582,23.4617977142334,21.76006507873535,-0.08647502958774567,0.0883280336856842,1752.110107421875,32,0,,,,,,,,45,1.048
27,LFRQ=21 saw AM; partial-cycle steps; budget=48s,49.2551875,97.260375,True,19.686994552612305,23.36900520324707,21.568281173706055,-0.08554627746343613,0.08750255405902863,1752.1099853515625,33,0,,,,,,,,45,1.048
27,LFRQ=22 saw AM; partial-cycle steps; budget=48s,97.260375,145.2655625,True,19.49659538269043,23.368938446044922,21.47616195678711,-0.08399836719036102,0.0846133902668953,1752.1099853515625,34,0,,,,,,,,45,1.048
27,LFRQ=23 saw AM; partial-cycle steps; budget=48s,145.2655625,193.27075000000002,True,19.21328353881836,23.461727142333984,21.381816864013672,-0.08399836719036102,0.08481977134943008,1752.110107421875,35,0,,,,,,,,45,1.048
27,LFRQ=24 saw AM; partial-cycle steps; budget=48s,193.27075000000002,241.2759375,True,19.026968002319336,23.369050979614258,21.195030212402344,-0.08234725147485733,0.0844070240855217,1752.1099853515625,36,0,,,,,,,,45,1.048
27,LFRQ=25 saw AM; partial-cycle steps; budget=48s,241.2759375,289.281125,True,18.745590209960938,23.368934631347656,21.09971046447754,-0.08224405348300934,0.08378791064023972,1752.1099853515625,37,0,,,,,,,,45,1.048
27,LFRQ=26 saw AM; partial-cycle steps; budget=48s,289.281125,337.2863125,True,18.555740356445312,23.36891746520996,21.002023696899414,-0.08059295266866684,0.08131148666143417,1752.1099853515625,38,0,,,,,,,,45,1.048
27,LFRQ=27 saw AM; partial-cycle steps; budget=48s,337.2863125,385.2915,True,18.181385040283203,23.273542404174805,20.81163215637207,-0.07987058162689209,0.07924778759479523,1752.1099853515625,39,0,,,,,,,,45,1.048
27,LFRQ=28 saw AM; partial-cycle steps; budget=48s,385.2915,433.29668749999996,True,17.99099349975586,23.273473739624023,20.716876983642578,-0.07543323189020157,0.07677135616540909,1752.1099853515625,40,0,,,,,,,,45,1.048
27,LFRQ=29 saw AM; partial-cycle steps; budget=48s,433.29668749999996,481.301875,True,17.893875122070312,23.273508071899414,20.62387466430664,-0.07832267135381699,0.07800956815481186,1752.1099853515625,41,0,,,,,,,,45,1.048
27,LFRQ=2A saw AM; partial-cycle steps; budget=48s,481.301875,529.3070625,True,17.51764678955078,23.178977966308594,20.436241149902344,-0.07636198401451111,0.07739046216011047,1752.1099853515625,42,0,,,,,,,,45,1.048
27,LFRQ=2B saw AM; partial-cycle steps; budget=48s,529.3070625,577.31225,True,17.32988166809082,23.178974151611328,20.246809005737305,-0.07956099510192871,0.08048601448535919,1752.1099853515625,43,0,,,,,,,,45,1.048
27,LFRQ=2C saw AM; partial-cycle steps; budget=48s,577.31225,625.3174375,True,17.046838760375977,23.178863525390625,20.152725219726562,-0.07471086829900742,0.07512038946151733,1752.1099853515625,44,0,,,,,,,,45,1.048
27,LFRQ=2D saw AM; partial-cycle steps; budget=48s,625.3174375,673.322625,True,16.76251792907715,23.178743362426758,20.0595703125,-0.07914822548627853,0.07883504778146744,1752.1099853515625,45,0,,,,,,,,45,1.048
27,LFRQ=2E saw AM; partial-cycle steps; budget=48s,673.322625,721.3278124999999,True,16.575206756591797,23.178956985473633,19.967378616333008,-0.07760030776262283,0.07780320197343826,1752.1099853515625,46,0,,,,,,,,45,1.048
27,LFRQ=2F saw AM; partial-cycle steps; budget=48s,721.3278124999999,769.333,True,16.386381149291992,23.083995819091797,19.871793746948242,-0.07625879347324371,0.07677135616540909,1752.1099853515625,47,0,,,,,,,,45,1.048
28,LFRQ=30 saw AM; partial-cycle steps; budget=26s,1.246,27.247937500000006,True,19.685646057128906,23.372730255126953,21.569591522216797,-0.08523669838905334,0.08605797588825226,1752.1099853515625,48,0,,,,,,,,49,0.524
28,LFRQ=31 saw AM; partial-cycle steps; budget=26s,27.247937500000006,53.249875,True,19.403684616088867,23.277708053588867,21.383392333984375,-0.08152168989181519,0.08254969865083694,1752.1099853515625,49,0,,,,,,,,49,0.524
28,LFRQ=32 saw AM; partial-cycle steps; budget=26s,53.249875,79.2518125,True,19.12035369873047,23.277860641479492,21.28833770751953,-0.07956099510192871,0.08151786029338837,1752.1099853515625,50,0,,,,,,,,49,0.524
28,LFRQ=33 saw AM; partial-cycle steps; budget=26s,79.2518125,105.25375000000001,True,18.930667877197266,23.27750587463379,21.195480346679688,-0.08224405348300934,0.08523249626159668,1752.110107421875,51,0,,,,,,,,49,0.524
28,LFRQ=34 saw AM; partial-cycle steps; budget=26s,105.25375000000001,131.25568750000002,True,18.648761749267578,23.27754783630371,21.0028018951416,-0.07997377961874008,0.07966053485870361,1752.1099853515625,52,0,,,,,,,,49,0.524
28,LFRQ=35 saw AM; partial-cycle steps; budget=26s,131.25568750000002,157.25762500000005,True,18.4620361328125,23.277877807617188,20.909339904785156,-0.07852905243635178,0.08005231618881226,1752.1099853515625,53,0,,,,,,,,49,0.524
28,LFRQ=36 saw AM; partial-cycle steps; budget=26s,157.25762500000005,183.25956250000004,True,18.178897857666016,23.277462005615234,20.71771812438965,-0.07883864641189575,0.07883504778146744,1752.1099853515625,54,0,,,,,,,,49,0.524
28,LFRQ=37 saw AM; partial-cycle steps; budget=26s,183.25956250000004,209.26150000000004,True,17.892852783203125,23.18364906311035,20.624656677246094,-0.08048974722623825,0.08110512048006058,1752.1099853515625,55,0,,,,,,,,49,0.524
28,LFRQ=38 saw AM; partial-cycle steps; budget=26s,209.26150000000004,235.26343750000004,True,17.611045837402344,23.08673095703125,20.436904907226562,-0.07615558803081512,0.07697772234678268,1752.1099853515625,56,0,,,,,,,,49,0.524
28,LFRQ=39 saw AM; partial-cycle steps; budget=26s,235.26343750000004,261.26537500000006,True,17.327890396118164,23.183528900146484,20.34606170654297,-0.07625879347324371,0.07594587653875351,1752.1099853515625,57,0,,,,,,,,49,0.524
28,LFRQ=3A saw AM; partial-cycle steps; budget=26s,261.26537500000006,287.26731250000006,True,17.045772552490234,22.99352264404297,20.153179168701172,-0.07873544096946716,0.0761522427201271,1752.1099853515625,58,0,,,,,,,,49,0.524
28,LFRQ=3B saw AM; partial-cycle steps; budget=26s,287.26731250000006,313.26925000000006,True,16.7612361907959,23.086938858032227,19.967914581298828,-0.07553642988204956,0.07739046216011047,1752.1099853515625,59,0,,,,,,,,49,0.524
28,LFRQ=3C saw AM; partial-cycle steps; budget=26s,313.26925000000006,339.27118750000005,True,16.573789596557617,22.993288040161133,19.87220001220703,-0.07563962042331696,0.07697772234678268,1752.1099853515625,60,0,,,,,,,,49,0.524
28,LFRQ=3D saw AM; partial-cycle steps; budget=26s,339.27118750000005,365.27312500000005,True,16.29129981994629,22.993375778198242,19.68429946899414,-0.07687795162200928,0.0765649825334549,1752.1099853515625,61,0,,,,,,,,49,0.524
28,LFRQ=3E saw AM; partial-cycle steps; budget=26s,365.27312500000005,391.27506250000005,True,16.102664947509766,22.99272346496582,19.590038299560547,-0.07192463427782059,0.07388217002153397,1752.1099853515625,62,0,,,,,,,,49,0.524
28,LFRQ=3F saw AM; partial-cycle steps; budget=26s,391.27506250000005,417.27700000000004,True,15.818389892578125,22.89605712890625,19.400897979736328,-0.07078950107097626,0.07181846350431442,1752.10986328125,63,0,,,,,,,,49,0.524
29,LFRQ=40 saw AM; partial-cycle steps; budget=15s,1.236,16.243375000000004,True,19.02652931213379,23.278303146362305,21.19612693786621,-0.08248139172792435,0.08364342153072357,1752.10986328125,64,0,,,,,,,,56,0.262
29,LFRQ=41 saw AM; partial-cycle steps; budget=15s,16.243375000000004,31.250749999999996,True,18.74536895751953,23.278820037841797,21.00456428527832,-0.0797673910856247,0.08056844025850296,1752.1099853515625,65,0,,,,,,,,56,0.262
29,LFRQ=42 saw AM; partial-cycle steps; budget=15s,31.250749999999996,46.258125,True,18.36738395690918,23.18594741821289,20.812999725341797,-0.0813153013586998,0.08069238066673279,1752.10986328125,66,0,,,,,,,,56,0.262
29,LFRQ=43 saw AM; partial-cycle steps; budget=15s,46.258125,61.2655,True,18.086444854736328,23.088226318359375,20.625856399536133,-0.07594919949769974,0.07677135616540909,1752.1099853515625,67,0,,,,,,,,56,0.262
29,LFRQ=44 saw AM; partial-cycle steps; budget=15s,61.2655,76.272875,True,17.802385330200195,23.185880661010742,20.532066345214844,-0.07945780456066132,0.07945415377616882,1752.10986328125,68,0,,,,,,,,56,0.262
29,LFRQ=45 saw AM; partial-cycle steps; budget=15s,76.272875,91.28025000000001,True,17.517242431640625,22.994182586669922,20.346952438354492,-0.07780670374631882,0.07862867414951324,1752.10986328125,69,0,,,,,,,,56,0.262
29,LFRQ=46 saw AM; partial-cycle steps; budget=15s,91.28025000000001,106.28762499999999,True,17.2357234954834,23.087276458740234,20.248157501220703,-0.0767541229724884,0.07842230796813965,1752.10986328125,70,0,,,,,,,,56,0.262
29,LFRQ=47 saw AM; partial-cycle steps; budget=15s,106.28762499999999,121.295,True,16.951622009277344,22.994726181030273,20.06109046936035,-0.07474181801080704,0.07553312927484512,1752.1099853515625,71,0,,,,,,,,56,0.262
29,LFRQ=48 saw AM; partial-cycle steps; budget=15s,121.295,136.30237500000004,True,16.668916702270508,22.993858337402344,19.87266731262207,-0.07603175938129425,0.07697772234678268,1752.10986328125,72,0,,,,,,,,56,0.262
29,LFRQ=49 saw AM; partial-cycle steps; budget=15s,136.30237500000004,151.30975,True,16.292652130126953,22.995664596557617,19.77830696105957,-0.07450448721647263,0.07594587653875351,1752.10986328125,73,0,,,,,,,,56,0.262
29,LFRQ=4A saw AM; partial-cycle steps; budget=15s,151.30975,166.317125,True,16.007675170898438,22.89741325378418,19.495277404785156,-0.07522685080766678,0.07512038946151733,1752.1099853515625,74,0,,,,,,,,56,0.262
29,LFRQ=4B saw AM; partial-cycle steps; budget=15s,166.317125,181.3245,True,15.632410049438477,22.96251106262207,19.4031925201416,-0.07450448721647263,0.07388217002153397,1752.10986328125,75,0,,,,,,,,56,0.262
29,LFRQ=4C saw AM; partial-cycle steps; budget=15s,181.3245,196.33187500000003,True,15.443374633789062,22.898393630981445,19.211523056030273,-0.07481406629085541,0.07553312927484512,1752.1099853515625,76,0,,,,,,,,56,0.262
29,LFRQ=4D saw AM; partial-cycle steps; budget=15s,196.33187500000003,211.33925000000002,True,15.065253257751465,22.8028507232666,19.02425765991211,-0.07068631052970886,0.07099298387765884,1752.1099853515625,77,0,,,,,,,,56,0.262
29,LFRQ=4E saw AM; partial-cycle steps; budget=15s,211.33925000000002,226.34662500000002,True,14.875906944274902,22.80314826965332,18.930049896240234,-0.07120227813720703,0.07202483713626862,1752.10986328125,78,0,,,,,,,,56,0.262
29,LFRQ=4F saw AM; partial-cycle steps; budget=15s,226.34662500000002,241.35400000000004,True,14.59287166595459,22.803447723388672,18.742647171020508,-0.06934478878974915,0.0691356435418129,1752.1099853515625,79,0,,,,,,,,56,0.262
30,LFRQ=50 saw AM; partial-cycle steps; budget=10s,1.257,11.2589375,True,17.513656616210938,23.085430145263672,20.2515869140625,-0.07955066859722137,0.07862867414951324,1752.1099853515625,80,0,,,,,,,,75,0.131
30,LFRQ=51 saw AM; partial-cycle steps; budget=10s,11.2589375,21.260875,True,17.046985626220703,23.084768295288086,20.063343048095703,-0.07882831990718842,0.07945415377616882,1752.1099853515625,81,0,,,,,,,,74,0.131
30,LFRQ=52 saw AM; partial-cycle steps; budget=10s,21.260875,31.262812500000003,True,16.67100715637207,22.988847732543945,19.77989959716797,-0.0773836001753807,0.07819519191980362,1752.1097412109375,82,0,,,,,,,,74,0.131
30,LFRQ=53 saw AM; partial-cycle steps; budget=10s,31.262812500000003,41.26475,True,16.1971378326416,22.89320945739746,19.495983123779297,-0.07244060933589935,0.0728503167629242,1752.1099853515625,83,0,,,,,,,,74,0.131
30,LFRQ=54 saw AM; partial-cycle steps; budget=10s,41.26475,51.266687499999996,True,15.858782768249512,22.8939151763916,19.404680252075195,-0.0716150552034378,0.07119935005903244,1752.1099853515625,84,0,,,,,,,,75,0.131
30,LFRQ=55 saw AM; partial-cycle steps; budget=10s,51.266687499999996,61.268625,True,15.628493309020996,22.894624710083008,19.213144302368164,-0.07201750576496124,0.07367579638957977,1752.10986328125,85,0,,,,,,,,75,0.131
30,LFRQ=56 saw AM; partial-cycle steps; budget=10s,61.268625,71.2705625,True,15.067166328430176,22.800758361816406,18.931419372558594,-0.07077917456626892,0.07264394313097,1752.10986328125,86,0,,,,,,,,74,0.131
30,LFRQ=57 saw AM; partial-cycle steps; budget=10s,71.2705625,81.2725,True,14.777892112731934,22.70646095275879,18.650070190429688,-0.06635217368602753,0.06727830320596695,1752.10986328125,87,0,,,,,,,,75,0.131
30,LFRQ=58 saw AM; partial-cycle steps; budget=10s,81.2725,91.27443749999999,True,14.310551643371582,22.70677375793457,18.46404266357422,-0.06769369542598724,0.06831015646457672,1752.10986328125,88,0,,,,,,,,75,0.131
30,LFRQ=59 saw AM; partial-cycle steps; budget=10s,91.27443749999999,101.27637499999999,True,13.93216609954834,22.706411361694336,18.27474594116211,-0.06862243264913559,0.07016749680042267,1752.1097412109375,89,0,,,,,,,,75,0.131
30,LFRQ=5A saw AM; partial-cycle steps; budget=10s,101.27637499999999,111.27831249999998,True,13.556680679321289,22.613759994506836,17.99124526977539,-0.06501065939664841,0.06521458923816681,1752.1099853515625,90,0,,,,,,,,75,0.131
30,LFRQ=5B saw AM; partial-cycle steps; budget=10s,111.27831249999998,121.28025000000001,True,13.084657669067383,22.51863670349121,17.705760955810547,-0.06427798420190811,0.06356362253427505,1752.1099853515625,91,0,,,,,,,,75,0.131
30,LFRQ=5C saw AM; partial-cycle steps; budget=10s,121.28025000000001,131.2821875,True,12.802752494812012,22.51861572265625,17.612335205078125,-0.06439150124788284,0.06560657918453217,1752.10986328125,92,0,,,,,,,,75,0.131
30,LFRQ=5D saw AM; partial-cycle steps; budget=10s,131.2821875,141.284125,True,12.42509937286377,22.518245697021484,17.4244441986084,-0.06366915255784988,0.06376998871564865,1752.10986328125,93,0,,,,,,,,75,0.131
30,LFRQ=5E saw AM; partial-cycle steps; budget=10s,141.284125,151.28606249999999,True,12.049840927124023,22.424386978149414,17.141279220581055,-0.06284360587596893,0.06438910961151123,1752.10986328125,94,0,,,,,,,,75,0.131
30,LFRQ=5F saw AM; partial-cycle steps; budget=10s,151.28606249999999,161.288,True,11.66575813293457,22.32916831970215,16.856185913085938,-0.06304998695850372,0.06271737813949585,1752.10986328125,95,0,,,,,,,,75,0.131
31,LFRQ=60 saw AM; partial-cycle steps; budget=10s,1.239,11.2416875,True,11.199724197387695,22.326961517333984,16.668819427490234,-0.06057335063815117,0.06046804413199425,1752.10986328125,96,0,,,,,,,,148,0.066
31,LFRQ=61 saw AM; partial-cycle steps; budget=10s,11.2416875,21.244375,True,10.448347091674805,22.23224639892578,16.292020797729492,-0.060160573571920395,0.05984892696142197,1752.1099853515625,97,0,,,,,,,,148,0.066
31,LFRQ=62 saw AM; partial-cycle steps; budget=10s,21.244375,31.247062500000002,True,9.597783088684082,22.137100219726562,15.725907325744629,-0.05826181918382645,0.060261670500040054,1752.1099853515625,98,0,,,,,,,,148,0.066
31,LFRQ=63 saw AM; partial-cycle steps; budget=10s,31.247062500000002,41.24975,True,8.847123146057129,22.04258155822754,15.351446151733398,-0.05799352377653122,0.057991575449705124,1752.10986328125,99,0,,,,,,,,149,0.066
31,LFRQ=64 saw AM; partial-cycle steps; budget=10s,41.24975,51.2524375,True,8.001129150390625,21.95248031616211,14.875995635986328,-0.05652817711234093,0.05613422393798828,1752.1099853515625,100,0,,,,,,,,149,0.066
31,LFRQ=65 saw AM; partial-cycle steps; budget=10s,51.2524375,61.25512499999999,True,7.2485575675964355,21.85493278503418,14.498372077941895,-0.05541369691491127,0.055515106767416,1752.10986328125,101,0,,,,,,,,149,0.066
31,LFRQ=66 saw AM; partial-cycle steps; budget=10s,61.25512499999999,71.25781249999999,True,6.400938034057617,21.762632369995117,13.955411911010742,-0.05365942046046257,0.0524195171892643,1752.10986328125,102,0,,,,,,,,148,0.066
31,LFRQ=67 saw AM; partial-cycle steps; budget=10s,71.25781249999999,81.2605,True,5.6469621658325195,21.666431427001953,13.558708190917969,-0.05355622246861458,0.052832260727882385,1752.1097412109375,103,0,,,,,,,,149,0.066
31,LFRQ=68 saw AM; partial-cycle steps; budget=10s,81.2605,91.26318749999999,True,4.893136024475098,21.572694778442383,13.088607788085938,-0.052586209028959274,0.052213143557310104,1752.1097412109375,104,0,,,,,,,,148,0.066
31,LFRQ=69 saw AM; partial-cycle steps; budget=10s,91.26318749999999,101.265875,True,4.140089988708496,21.47823143005371,12.7115478515625,-0.050254061818122864,0.05014941468834877,1752.109619140625,105,0,,,,,,,,149,0.066
31,LFRQ=6A saw AM; partial-cycle steps; budget=10s,101.265875,111.26856249999999,True,3.292931318283081,21.386062622070312,12.146195411682129,-0.05074938014149666,0.050355784595012665,1752.1097412109375,106,0,,,,,,,,149,0.066
31,LFRQ=6B saw AM; partial-cycle steps; budget=10s,111.26856249999999,121.27125,True,2.539642810821533,21.28984832763672,11.862407684326172,-0.050770021975040436,0.05134633556008339,1752.1097412109375,107,0,,,,,,,,149,0.066
31,LFRQ=6C saw AM; partial-cycle steps; budget=10s,121.27125,131.2739375,True,2.3529112339019775,22.037761688232422,12.145221710205078,-0.05199801176786423,0.05177963897585869,1752.1097412109375,108,1,,,,,,,,149,0.066
31,LFRQ=6D saw AM; partial-cycle steps; budget=10s,131.2739375,141.276625,True,2.2589218616485596,22.513065338134766,12.427371978759766,-0.05355622246861458,0.052832260727882385,1752.10986328125,109,1,,,,,,,,149,0.066
31,LFRQ=6E saw AM; partial-cycle steps; budget=10s,141.276625,151.2793125,True,2.353060007095337,22.42192268371582,12.803915977478027,-0.05283387750387192,0.052378203719854355,1752.1097412109375,110,1,,,,,,,,149,0.066
31,LFRQ=6F saw AM; partial-cycle steps; budget=10s,151.2793125,161.28199999999998,True,2.541015863418579,22.424055099487305,13.462721824645996,-0.05478421598672867,0.055102359503507614,1752.10986328125,111,1,,,,,,,,149,0.066
32,LFRQ=70 saw AM; partial-cycle steps; budget=10s,1.235,11.238937499999999,True,2.6348705291748047,22.326061248779297,13.749458312988281,-0.056548818945884705,0.05675334855914116,1752.1097412109375,112,1,,,,,,,,296,0.033
32,LFRQ=71 saw AM; partial-cycle steps; budget=10s,11.238937499999999,21.242875,True,2.823958158493042,22.23322296142578,14.712635040283203,-0.057580746710300446,0.05613422393798828,1752.10986328125,113,1,,,,,,,,296,0.033
32,LFRQ=72 saw AM; partial-cycle steps; budget=10s,21.242875,31.2468125,True,3.012136936187744,22.139619827270508,15.56378173828125,-0.05881906673312187,0.057991575449705124,1752.1097412109375,114,1,,,,,,,,296,0.033
32,LFRQ=73 saw AM; partial-cycle steps; budget=10s,31.2468125,41.250750000000004,True,3.1998891830444336,22.04140853881836,15.35008430480957,-0.058241184800863266,0.05964255705475807,1752.1097412109375,115,1,,,,,,,,298,0.033
32,LFRQ=74 saw AM; partial-cycle steps; budget=10s,41.250750000000004,51.2546875,True,3.294163942337036,21.858701705932617,14.87511920928955,-0.057002872228622437,0.057578831911087036,1752.10986328125,116,0,,,,,,,,297,0.033
32,LFRQ=75 saw AM; partial-cycle steps; budget=10s,51.2546875,61.258625,True,3.482186794281006,21.853286743164062,14.404634475708008,-0.056517861783504486,0.055721480399370193,1752.1097412109375,117,0,,,,,,,,296,0.033
32,LFRQ=76 saw AM; partial-cycle steps; budget=10s,61.258625,71.2625625,True,3.6705241203308105,21.762134552001953,14.027029037475586,-0.05582646653056145,0.05448324978351593,1752.1097412109375,118,1,,,,,,,,295,0.033
32,LFRQ=77 saw AM; partial-cycle steps; budget=10s,71.2625625,81.2665,True,3.858551025390625,21.662551879882812,13.548219680786133,-0.05592966079711914,0.05654696747660637,1752.1099853515625,119,0,,,,,,,,294,0.033
32,LFRQ=78 saw AM; partial-cycle steps; budget=10s,81.2665,91.2704375,True,4.046639442443848,21.569120407104492,13.087301254272461,-0.054144423454999924,0.055308740586042404,1752.10986328125,120,0,,,,,,,,297,0.033
32,LFRQ=79 saw AM; partial-cycle steps; budget=10s,91.2704375,101.27437499999999,True,3.951690196990967,21.409883499145508,12.615436553955078,-0.05386580154299736,0.054070498794317245,1752.10986328125,121,1,,,,,,,,298,0.033
32,LFRQ=7A saw AM; partial-cycle steps; budget=10s,101.27437499999999,111.2783125,True,3.1973984241485596,21.383697509765625,12.238924980163574,-0.05486677587032318,0.05565960705280304,1752.109619140625,122,1,,,,,,,,297,0.033
32,LFRQ=7B saw AM; partial-cycle steps; budget=10s,111.2783125,121.28225,True,2.4446969032287598,21.198070526123047,11.768871307373047,-0.05365942046046257,0.05427686870098114,1752.109619140625,123,1,,,,,,,,298,0.033
32,LFRQ=7C saw AM; partial-cycle steps; budget=10s,121.28225,131.2861875,True,2.3519582748413086,21.856313705444336,12.038106918334961,-0.05716797709465027,0.05613422393798828,1752.1097412109375,124,1,,,,,,,,297,0.033
32,LFRQ=7D saw AM; partial-cycle steps; budget=10s,131.2861875,141.29012500000002,True,2.4462027549743652,21.954299926757812,12.464879989624023,-0.0563114769756794,0.05613422393798828,1752.10986328125,125,2,,,,,,,,297,0.033
32,LFRQ=7E saw AM; partial-cycle steps; budget=10s,141.29012500000002,151.2940625,True,2.4472203254699707,21.856422424316406,12.94426441192627,-0.05850948765873909,0.05819794908165932,1752.1097412109375,126,0,,,,,,,,297,0.033
32,LFRQ=7F saw AM; partial-cycle steps; budget=10s,151.2940625,161.298,True,2.544769287109375,21.856203079223633,13.380793571472168,-0.058612678200006485,0.060880787670612335,1752.1094970703125,127,2,,,,,,,,297,0.033
