name,recorded_s,planned_s,active_start,active_end,scale,offset,truncated,status,peak
13CAL,31.724,29.720576,1.255,27.619,0.9994601611024845,-1.0375217391304346,False,,
14WAVE,185.396,183.386112,1.253,181.306,1.0000512319848258,-1.0408775138775141,False,,
15AMDEP,213.885,211.869696,1.237,209.781,1.0000797976821842,-1.0569430367314867,False,,
16PMDEP,416.357,414.384128,1.237,412.273,0.9999859089754066,-1.0567276785714284,False,,
17F80,197.349,195.362816,1.252,193.258,0.9999245913769197,-1.041587030716723,False,,
18F90,197.352,195.362816,1.251,193.263,0.9999558380439418,-1.0426587030716719,False,,
19FA0,197.364,195.362816,1.247,193.264,0.999981876933127,-1.0467184300341292,False,,
20FB0,197.359,195.362816,1.255,193.277,1.000007915822312,-1.0387781569965866,False,,
21FC0,197.363,195.362816,1.254,193.278,1.0000183313779862,-1.0398020477815697,False,,
22FD0,197.372,195.362816,1.251,193.282,1.0000547858228455,-1.0428856655290097,False,,
23FE0,197.338,195.362816,1.236,193.258,1.0000079158223123,-1.057778156996587,False,,
24FF0,197.363,195.362816,1.248,193.256,0.9999350069325939,-1.0456109215017062,False,,
25F00,13.527,2883.387392,,,,,,no test signal,1.9855305311011762e-07
26F10,1200.033,1443.4304,1.25,1198.967,0.99988,-1.0434847487999996,True,,
27F20,773.436,771.424256,1.25,769.333,1.000001406100016,-1.0437632252559723,False,,
28F30,421.382,419.364864,1.246,417.277,1.0000203642818113,-1.0478067107750473,False,,
29F40,245.445,243.46624,1.236,241.354,0.9999754126936068,-1.0577036026200874,False,,
30F50,165.374,163.381248,1.257,161.288,0.9999505620233159,-1.036646601146601,False,,
31F60,165.373,163.381248,1.239,161.282,1.0000255437877508,-1.0548185913185908,False,,
32F70,255.79,163.381248,1.235,161.298,1.0001505133951423,-1.059105241605241,False,,
33STATE,123.904,121.89696,1.255,119.806,0.9999694318122928,-1.0386898839137646,False,,
34CHAN,133.809,131.792896,1.253,129.69,0.9998944340919963,-1.0405178571428573,False,,
35JOINT,65.44,63.430656,1.246,61.346,1.0001943805385138,-1.0482058623040214,False,,
36CLOCK,417.812,387.514368,1.25,385.408,0.9999634746966692,-1.0436762197202318,False,,
